[
    {
        "productName":"MANGO PEOPLE T-SHIRT",
        "productPrice":52,
        "productImg":"https://raw.githubusercontent.com/Eliseev88/geekbrains/master/page_product/product_1.png",
        "productId":"prod_0"
    },
    {
        "productName":"BANANA PEOPLE T-SHIRT",
        "productPrice":53,
        "productImg":"https://raw.githubusercontent.com/Eliseev88/geekbrains/master/page_product/product_2.png",
        "productId":"prod_1"
    },
    {
        "productName":"STRAWBERRY PEOPLE T-SHIRT",
        "productPrice":55,
        "productImg":"https://raw.githubusercontent.com/Eliseev88/geekbrains/master/page_product/product_3.png",
        "productId":"prod_2"
    },
    {
        "productName":"ORANGE PEOPLE T-SHIRT",
        "productPrice":67,
        "productImg":"https://raw.githubusercontent.com/Eliseev88/geekbrains/master/page_product/product_4.png",
        "productId":"prod_3"
    },
    {
        "productName":"PUMKIN PEOPLE T-SHIRT",
        "productPrice":69,
        "productImg":"https://raw.githubusercontent.com/Eliseev88/geekbrains/master/page_product/product_5.png",
        "productId":"prod_4"
    },
    {
        "productName":"PINEAPPLE PEOPLE T-SHIRT",
        "productPrice":94,
        "productImg":"https://raw.githubusercontent.com/Eliseev88/geekbrains/master/page_product/product_6.png",
        "productId":"prod_5"
    },
    {
        "productName":"CUCUMBER PEOPLE T-SHIRT",
        "productPrice":23,
        "productImg":"https://raw.githubusercontent.com/Eliseev88/geekbrains/master/page_product/product_7.png",
        "productId":"prod_6"
    },
    {
        "productName":"TOMATO PEOPLE T-SHIRT",
        "productPrice":45,
        "productImg":"https://raw.githubusercontent.com/Eliseev88/geekbrains/master/page_product/product_8.png",
        "productId":"prod_7"
     },
    {
        "productName":"POTATO PEOPLE T-SHIRT",
        "productPrice":79,
        "productImg":"https://raw.githubusercontent.com/Eliseev88/geekbrains/master/page_product/product_9.png",
        "productId":"prod_8"
    }
]